Prompt,Answer
"Is the mixture between ditopic N[C@H]1CCC[C@H](C1)N and tritopic O=Cc1cc(C=O)cc(C=O)c1 turbid or dissolved? Knowing the following properties in ditopic and tritopic molecules respectively: The number of aromatic groups: 0, 1. The number of hydrogen bond acceptors: 2, 3.0. The number of hydrogen bond donors: 2, 0.0. The logP (octanol/water partition coefficient): -0.3, 0.3. The TPSA (topological polar surface area): 52.0, 51.2.",0
"Is the mixture between ditopic N[C@@H]1[C@H](CCCC1)N and tritopic O=Cc1cc(C=O)cc(C=O)c1 turbid or dissolved? Knowing the following properties in ditopic and tritopic molecules respectively: The number of aromatic groups: 0, 1. The number of hydrogen bond acceptors: 2, 3.0. The number of hydrogen bond donors: 2, 0.0. The logP (octanol/water partition coefficient): -0.3, 0.3. The TPSA (topological polar surface area): 52.0, 51.2.",0
"Is the mixture between ditopic NCCN and tritopic O=Cc1cc(C=O)cc(C=O)c1 turbid or dissolved? Knowing the following properties in ditopic and tritopic molecules respectively: The number of aromatic groups: 0, 1. The number of hydrogen bond acceptors: 2, 3.0. The number of hydrogen bond donors: 2, 0.0. The logP (octanol/water partition coefficient): -2.0, 0.3. The TPSA (topological polar surface area): 52.0, 51.2.",0
"Is the mixture between ditopic CC(C)(CN)CN and tritopic O=Cc1cc(C=O)cc(C=O)c1 turbid or dissolved? Knowing the following properties in ditopic and tritopic molecules respectively: The number of aromatic groups: 0, 1. The number of hydrogen bond acceptors: 2, 3.0. The number of hydrogen bond donors: 2, 0.0. The logP (octanol/water partition coefficient): -0.5, 0.3. The TPSA (topological polar surface area): 52.0, 51.2.",1
"Is the mixture between ditopic NCCOCCN and tritopic O=Cc1cc(C=O)cc(C=O)c1 turbid or dissolved? Knowing the following properties in ditopic and tritopic molecules respectively: The number of aromatic groups: 0, 1. The number of hydrogen bond acceptors: 3, 3.0. The number of hydrogen bond donors: 2, 0.0. The logP (octanol/water partition coefficient): -1.8, 0.3. The TPSA (topological polar surface area): 61.3, 51.2.",1
"Is the mixture between ditopic N[C@H]1CC[C@H](N)CC1 and tritopic O=Cc1cc(C=O)cc(C=O)c1 turbid or dissolved? Knowing the following properties in ditopic and tritopic molecules respectively: The number of aromatic groups: 0, 1. The number of hydrogen bond acceptors: 2, 3.0. The number of hydrogen bond donors: 2, 0.0. The logP (octanol/water partition coefficient): -0.3, 0.3. The TPSA (topological polar surface area): 52.0, 51.2.",1
"Is the mixture between ditopic NCC1CCC(CN)CC1 and tritopic O=Cc1cc(C=O)cc(C=O)c1 turbid or dissolved? Knowing the following properties in ditopic and tritopic molecules respectively: The number of aromatic groups: 0, 1. The number of hydrogen bond acceptors: 2, 3.0. The number of hydrogen bond donors: 2, 0.0. The logP (octanol/water partition coefficient): 0.1, 0.3. The TPSA (topological polar surface area): 52.0, 51.2.",0
"Is the mixture between ditopic CN(CCCN)CCCN and tritopic O=Cc1cc(C=O)cc(C=O)c1 turbid or dissolved? Knowing the following properties in ditopic and tritopic molecules respectively: The number of aromatic groups: 0, 1. The number of hydrogen bond acceptors: 3, 3.0. The number of hydrogen bond donors: 2, 0.0. The logP (octanol/water partition coefficient): -0.9, 0.3. The TPSA (topological polar surface area): 55.3, 51.2.",1
"Is the mixture between ditopic Nc1ccc(Oc2ccc(N)cc2)cc1 and tritopic O=Cc1ccc(N(c2ccc(C=O)cc2)c2ccc(C=O)cc2)cc1 turbid or dissolved? Knowing the following properties in ditopic and tritopic molecules respectively: The number of aromatic groups: 2, 3. The number of hydrogen bond acceptors: 3, 4.0. The number of hydrogen bond donors: 2, 0.0. The logP (octanol/water partition coefficient): 1.4, 3.5. The TPSA (topological polar surface area): 61.3, 54.4.",0
"Is the mixture between ditopic NCCCCCCN and tritopic O=Cc1cc(C=O)cc(C=O)c1 turbid or dissolved? Knowing the following properties in ditopic and tritopic molecules respectively: The number of aromatic groups: 0, 1. The number of hydrogen bond acceptors: 2, 3.0. The number of hydrogen bond donors: 2, 0.0. The logP (octanol/water partition coefficient): -0.2, 0.3. The TPSA (topological polar surface area): 52.0, 51.2.",1
"Is the mixture between ditopic NCc1ccc(CN)cc1 and tritopic O=Cc1cc(C=O)cc(C=O)c1 turbid or dissolved? Knowing the following properties in ditopic and tritopic molecules respectively: The number of aromatic groups: 1, 1. The number of hydrogen bond acceptors: 2, 3.0. The number of hydrogen bond donors: 2, 0.0. The logP (octanol/water partition coefficient): -0.4, 0.3. The TPSA (topological polar surface area): 52.0, 51.2.",1
"Is the mixture between ditopic NCC1=CC(CN)=CC=C1 and tritopic O=Cc1cc(C=O)cc(C=O)c1 turbid or dissolved? Knowing the following properties in ditopic and tritopic molecules respectively: The number of aromatic groups: 1, 1. The number of hydrogen bond acceptors: 2, 3.0. The number of hydrogen bond donors: 2, 0.0. The logP (octanol/water partition coefficient): -0.3, 0.3. The TPSA (topological polar surface area): 52.0, 51.2.",1
"Is the mixture between ditopic N[C@H]1CN(Cc2ccccc2)C[C@@H]1N and tritopic O=Cc1cc(C=O)cc(C=O)c1 turbid or dissolved? Knowing the following properties in ditopic and tritopic molecules respectively: The number of aromatic groups: 1, 1. The number of hydrogen bond acceptors: 3, 3.0. The number of hydrogen bond donors: 2, 0.0. The logP (octanol/water partition coefficient): -0.2, 0.3. The TPSA (topological polar surface area): 55.3, 51.2.",0
"Is the mixture between ditopic NCCCC[C@H](N)C(=O)O and tritopic O=Cc1cc(C=O)cc(C=O)c1 turbid or dissolved? Knowing the following properties in ditopic and tritopic molecules respectively: The number of aromatic groups: 0, 1. The number of hydrogen bond acceptors: 4, 3.0. The number of hydrogen bond donors: 3, 0.0. The logP (octanol/water partition coefficient): -3.0, 0.3. The TPSA (topological polar surface area): 89.3, 51.2.",1
"Is the mixture between ditopic NCCCCCCNCCCCCCN and tritopic O=Cc1cc(C=O)cc(C=O)c1 turbid or dissolved? Knowing the following properties in ditopic and tritopic molecules respectively: The number of aromatic groups: 0, 1. The number of hydrogen bond acceptors: 3, 3.0. The number of hydrogen bond donors: 3, 0.0. The logP (octanol/water partition coefficient): 0.8, 0.3. The TPSA (topological polar surface area): 64.1, 51.2.",1
"Is the mixture between ditopic N[C@H]([C@H](C1=CC=CC=C1)N)C2=CC=CC=C2 and tritopic O=Cc1ccc(N(c2ccc(C=O)cc2)c2ccc(C=O)cc2)cc1 turbid or dissolved? Knowing the following properties in ditopic and tritopic molecules respectively: The number of aromatic groups: 2, 3. The number of hydrogen bond acceptors: 2, 4.0. The number of hydrogen bond donors: 2, 0.0. The logP (octanol/water partition coefficient): 1.4, 3.5. The TPSA (topological polar surface area): 52.0, 54.4.",0
"Is the mixture between ditopic NCC(CN)O and tritopic O=Cc1cc(C=O)cc(C=O)c1 turbid or dissolved? Knowing the following properties in ditopic and tritopic molecules respectively: The number of aromatic groups: 0, 1. The number of hydrogen bond acceptors: 3, 3.0. The number of hydrogen bond donors: 3, 0.0. The logP (octanol/water partition coefficient): -2.3, 0.3. The TPSA (topological polar surface area): 72.3, 51.2.",1
"Is the mixture between ditopic NCC1CCC(CN)CC1 and tritopic O=Cc1cc(C=O)c(O)c(C=O)c1 turbid or dissolved? Knowing the following properties in ditopic and tritopic molecules respectively: The number of aromatic groups: 0, 1. The number of hydrogen bond acceptors: 2, 4.0. The number of hydrogen bond donors: 2, 1.0. The logP (octanol/water partition coefficient): 0.1, 0.5. The TPSA (topological polar surface area): 52.0, 71.4.",1
"Is the mixture between ditopic NCCCCCCN and tritopic O=Cc1cc(C=O)c(O)c(C=O)c1 turbid or dissolved? Knowing the following properties in ditopic and tritopic molecules respectively: The number of aromatic groups: 0, 1. The number of hydrogen bond acceptors: 2, 4.0. The number of hydrogen bond donors: 2, 1.0. The logP (octanol/water partition coefficient): -0.2, 0.5. The TPSA (topological polar surface area): 52.0, 71.4.",1
"Is the mixture between ditopic NCCCC[C@H](N)C(=O)O and tritopic O=Cc1cc(C=O)c(O)c(C=O)c1 turbid or dissolved? Knowing the following properties in ditopic and tritopic molecules respectively: The number of aromatic groups: 0, 1. The number of hydrogen bond acceptors: 4, 4.0. The number of hydrogen bond donors: 3, 1.0. The logP (octanol/water partition coefficient): -3.0, 0.5. The TPSA (topological polar surface area): 89.3, 71.4.",1
"Is the mixture between ditopic NCCCCCCNCCCCCCN and tritopic O=Cc1cc(C=O)c(O)c(C=O)c1 turbid or dissolved? Knowing the following properties in ditopic and tritopic molecules respectively: The number of aromatic groups: 0, 1. The number of hydrogen bond acceptors: 3, 4.0. The number of hydrogen bond donors: 3, 1.0. The logP (octanol/water partition coefficient): 0.8, 0.5. The TPSA (topological polar surface area): 64.1, 71.4.",1
"Is the mixture between ditopic CN(CCCN)CCCN and tritopic O=Cc1cc(C=O)c(O)c(C=O)c1 turbid or dissolved? Knowing the following properties in ditopic and tritopic molecules respectively: The number of aromatic groups: 0, 1. The number of hydrogen bond acceptors: 3, 4.0. The number of hydrogen bond donors: 2, 1.0. The logP (octanol/water partition coefficient): -0.9, 0.5. The TPSA (topological polar surface area): 55.3, 71.4.",1
